{
    "baseline_cost": 187000.0,
    "annual_baseline_cost": 2244000.0,
    "retention_cost": 100.0,
    "churn_cost": 500.0,
    "models": {
        "logistic_regression": {
            "total_cost": 93300.0,
            "cost_savings": 93700.0,
            "annual_savings": 1124400.0,
            "optimal_threshold": 0.34,
            "performance": {
                "accuracy": 0.673527324343506,
                "precision": 0.4440104166666667,
                "recall": 0.9117647058823529,
                "f1_score": 0.5971978984238179,
                "improvement_over_baseline": 50.106951871657756
            }
        },
        "random_forest": {
            "total_cost": 95400.0,
            "cost_savings": 91600.0,
            "annual_savings": 1099200.0,
            "optimal_threshold": 0.15000000000000002,
            "performance": {
                "accuracy": 0.6756564939673527,
                "precision": 0.4445927903871829,
                "recall": 0.8903743315508021,
                "f1_score": 0.5930543187889582,
                "improvement_over_baseline": 48.98395721925134
            }
        },
        "gradient_boosting": {
            "total_cost": 93400.0,
            "cost_savings": 93600.0,
            "annual_savings": 1123200.0,
            "optimal_threshold": 0.21000000000000002,
            "performance": {
                "accuracy": 0.7217885024840313,
                "precision": 0.48623853211009177,
                "recall": 0.8502673796791443,
                "f1_score": 0.6186770428015563,
                "improvement_over_baseline": 50.05347593582887
            }
        },
        "xgboost": {
            "total_cost": 96600.0,
            "cost_savings": 90400.0,
            "annual_savings": 1084800.0,
            "optimal_threshold": 0.23,
            "performance": {
                "accuracy": 0.6969481902058198,
                "precision": 0.46164978292329956,
                "recall": 0.8529411764705882,
                "f1_score": 0.5990610328638497,
                "improvement_over_baseline": 48.342245989304814
            }
        }
    }
}