accuracy,precision,recall,f1_score,roc_auc,log_loss,execution_time
0.7927608232789212,0.6385135135135135,0.5053475935828877,0.564179104477612,0.8308274561471491,0.4973524477439503,5.036701917648315
