accuracy,precision,recall,f1_score,roc_auc,log_loss,execution_time
0.7579843860894251,0.5302752293577981,0.7727272727272727,0.6289445048966268,0.8425224108088557,0.5037134039888399,206.6192922592163
